INSERT INTO employees ( Employee_ID,FirstName, LastName, gender, salary, SSN,email, street,apt, city, zip, state, telephone, company, role ) VALUES
(1001, 'Andrew','Bower','Male',50000,'394-70-2351','andrew.bower@bookfetchinc.com','2312 M street', 'NW Suite 503',null,null,null,'775-555-0105','bookfetchinc.com','Administrators' ), 
(1002, 'Anne','Stewart','Female',20000,'520-70-7858','anne.stewart@bookfetchinc.com','201 Hospital Drive',null,null,null,null,'775-555-0130','bookfetchinc.com','Customer Support' ),
(1003,'Anthony','Grant','Male',50000,'394-70-2355','anthony.grant@bookfetchinc.com','2315 M street', 'NW Suite 503',null,null,null,'775-555-0105','bookfetchinc.com','Administrators'),
(1004,'Austin','Morgan','Male',20000,'530-70-2952','austin.morgan@bookfetchinc.com','2223 Canterbury Drive',null,null,null,null,'775-555-0127','bookfetchinc.com','Customer Support'),
(1005,'Benjamin','Vaughan','Male',50000,'768-32-1434','benjamin.vaughan@bookfetchinc.com','2550 Livingston Road',null,null,null,null,'775-555-0189','bookfetchinc.com','SuperAdministrators'),
(1006,'Benjamin','Dyer','Male',60000,'394-70-2354','benjamin.dyer@bookfetchinc.com','308 Langdon Street',null,null,null,null,'775-555-0106','bookfetchinc.com','Administrators'),
(1007,'Boris','McGrath','Male',20000,'394-70-1951','boris.mcgrath@bookfetchinc.com','2 West Lakeshore Drive',null,null,null,null,'775-555-0197','bookfetchinc.com','Customer Support'),
(1008,'Caroline','Roberts','Female',20000,'520-70-7859','caroline.roberts@bookfetchinc.com','1001 East 100 North',null,null,null,null,'775-555-0143','bookfetchinc.com','Customer Support'),
(1009,'Connor','Black','Male',50000,'394-70-2350','connor.black@bookfetchinc.com','305 Langdon Street',null,null,null,null,'775-555-0158','bookfetchinc.com','Administrators'),
(1010,'Dan','Martin','Male',20000,'530-70-2948','dan.martin@bookfetchinc.com','1 West Lakeshore Drive',null,null,null,null,'775-555-0171','bookfetchinc.com','Customer Support'),
(1011,'Dominic','Lambert','Male',null,'307-55-0183','dominic.lambert@umbc.edu','1000 Hilltop Cir',null, 'Baltimore' ,21250,'MD','307-555-0183','UMBC','College Rep'),
(1012,'Donna','Scott','Female',50000,'768-32-1433','donna.scott@bookfetchinc.com','102 South 1st Street',null,null,null,null,'775-555-0112','bookfetchinc.com','Administrators'),
(1013,'Heather','Powell','Female',50000,'768-32-1432','heather.powell@bookfetchinc.com','2311 M street', 'NW Suite 503',null,null,null,'775-555-0104','bookfetchinc.com','Administrators'),
(1014,'Jack','Chapman','Male',60000,'234-45-1936','jack.chapman@bookfetchinc.com','104 South 1st Street',null,null,null,null,'775-555-0197','bookfetchinc.com','Administrators'),
(1015,'Jack','Allan','Male',20000,'520-70-7855','jack.allan@bookfetchinc.com','2221 Canterbury Drive',null,null,null,null,'775-555-0145','bookfetchinc.com','Customer Support'),
(1016,'James','White','Male',50000,'394-70-2352','james.white@bookfetchinc.com','103 South 1st Street',null,null,null,null,'775-555-0199','bookfetchinc.com','Administrators'),
(1017,'James','Bell','Male',60000,'768-32-1437','james.bell@bookfetchinc.com','105 South 1st Street',null,null,null,null,'775-555-0196','bookfetchinc.com','Administrators'),
(1018,'Joan','Lawrence','Male',20000,'520-70-7856','joan.lawrence@bookfetchinc.com','2222 Canterbury Drive',null,null,null,null,'775-555-0142','bookfetchinc.com','Customer Support'),
(1019,'Joshua','Vaughan','Male',20000,'530-70-2949','joshua.vaughan@bookfetchinc.com','2 West Lakeshore Drive',null,null,null,null,'775-555-0172','bookfetchinc.com','Customer Support'),
(1020,'Joshua','Lee','Male',20000,'394-70-1952','joshua.lee@bookfetchinc.com','3 West Lakeshore Drive',null,null,null,null,'775-555-0127','bookfetchinc.com','Customer Support'),
(1021,'Julian','Rees','Female',20000,'394-70-1948','julian.rees@bookfetchinc.com','600 Caisson Hill Road',null,null,null,null,'775-555-0193','bookfetchinc.com','Customer Support'),
(1022,'Karen','Parsons','Female',20000,'530-70-2950','karen.parsons@bookfetchinc.com','2221 Canterbury Drive',null,null,null,null,'775-555-0191','bookfetchinc.com','Customer Support'),
(1023,'Kevin','Carr','Male',40000,'530-70-2953','kevin.carr@bookfetchinc.com','602 Caisson Hill Road',null,null,null,null,'775-555-0172','bookfetchinc.com','Customer Support'),
(1024,'Lauren','Mathis','Female',20000,'520-70-7854','lauren.mathis@bookfetchinc.com','2220 Canterbury Drive',null,null,null,null,'775-555-0175','bookfetchinc.com','Customer Support'),
(1025,'Lauren','Tucker','Female',40000,'520-70-7860','lauren.tucker@bookfetchinc.com','3 West Lakeshore Drive',null,null,null,null,'775-555-0152','bookfetchinc.com','Customer Support'),
(1026,'Lily','Randall','Female',50000,'234-45-1933','lily.randall@bookfetchinc.com','2549 Livingston Road',null,null,null,null,'775-555-0192','bookfetchinc.com','Administrators'),
(1027,'Lucas','Rampling','Male',20000,'530-70-2951','lucas.rampling@bookfetchinc.com','2222 Canterbury Drive',null,null,null,null,'775-555-0188','bookfetchinc.com','Customer Support'),
(1028,'Neil','Hodges','Male',60000,'394-70-2353','neil.hodges@bookfetchinc.com','2551 Livingston Road',null,null,null,null,'775-555-0175','bookfetchinc.com','Administrators'),
(1029,'Nicola','Simpson','Female',20000,'520-70-7857','nicola.simpson@bookfetchinc.com','601 Caisson Hill Road',null,null,null,null,'775-555-0164','bookfetchinc.com','Customer Support'),
(1030,'Nicola','Roberts','Female',40000,'394-70-1954','nicola.roberts@bookfetchinc.com','2223 Canterbury Drive',null,null,null,null,'775-555-0198','bookfetchinc.com','Customer Support'),
(1031,'Penelope','Ferguson','Female',50000,'234-45-1932','penelope.ferguson@bookfetchinc.com','101 South 1st Street',null,null,null,null,'775-555-0118','bookfetchinc.com','Administrators'),
(1032,'Peter','Rees','Male',50000,'234-45-1935','peter.rees@bookfetchinc.com','2313 M street', 'NW Suite 503',null,null,null,'775-555-0150','bookfetchinc.com','Administrators'),
(1033,'Peter','Clarkson','Male',20000,'394-70-1949','peter.clarkson@bookfetchinc.com','200 Hospital Drive',null,null,null,null,'775-555-0167','bookfetchinc.com','Customer Support'),
(1034,'Phil','Skinner','Male',60000,'234-45-1937','phil.skinner@bookfetchinc.com','2552 Livingston Road',null,null,null,null,'775-555-0197','bookfetchinc.com','Administrators'),
(1035,'Rachel','Ball','Female',50000,'234-45-1934','rachel.ball@bookfetchinc.com','306 Langdon Street',null,null,null,null,'775-555-0162','bookfetchinc.com','Administrators'),
(1036,'Ruth','North','Female',null,'307-55-0159','ruth.north@towson.edu','8000 York Rd',null, 'Towson', 21252,'MD','307-555-0159','Towson','College Rep'),
(1037,'Ryan','Robertson','Male',20000,'394-70-1950','ryan.robertson@bookfetchinc.com','1000 East 100 North',null,null,null,null,'775-555-0141','bookfetchinc.com','Customer Support'),
(1038,'Sean','Berry','Male',50000,'234-45-1938','sean.berry@bookfetchinc.com','309 Langdon Street',null,null,null,null,'775-555-0130','bookfetchinc.com','Administrators'),
(1039,'Stephanie','Clarkson','Female',50000,'768-32-1435','stephanie.clarkson@bookfetchinc.com','307 Langdon Street',null,null,null,null,'775-555-0185','bookfetchinc.com','Administrators'),
(1040,'Tracey','Ogden','Female',60000,'768-32-1436','tracey.ogden@bookfetchinc.com','2314 M street', 'NW Suite 503',null,null,null,'775-555-0128','bookfetchinc.com','Administrators'),
(1041,'Victor','Hill','Male',50000,'394-70-2349','victor.hill@bookfetchinc.com','2548 Livingston Road',null,null,null,null,'775-555-0176','bookfetchinc.com','Administrators'),
(1042,'Victoria','Murray','Female',null,'307-55-0192','victoria.murray@umcp.edu',null,null,'College Park', 20742, 'MD','307-555-0192','UMCP','College Rep'),
(1043,'Zoe','Sharp','Female',40000,'394-70-1953','zoe.sharp@bookfetchinc.com','2222 Canterbury Drive',null,null,null,null,'775-555-0172','bookfetchinc.com','Customer Support');

INSERT INTO university ( University_ID, name, Employee_ID ) VALUES
(0001,'UMBC',1011),
(0002, 'Towson',1036),
(0003, 'UMCP', 1042);

INSERT INTO department ( department_ID, university_ID, name ) VALUES
(2000,0002,'Visual Arts'),
(2001,0003,'Visual Arts'),
(2002,0002,'Mathematics and Statistics'),
(2003,0002,'Mechanical Engineering'),
(2004,0001,'English Language Institute'),
(2005,0002,'Management of Aging Services'),
(2006,0002,'Philosophy'),
(2007,0001,'Emergency Health Services'),
(2008,0002,'Media and Communication Studies'),
(2009,0003,'Pre-Allied Health'),
(2010,0002,'Music'),
(2011,0002,'Modern Languages, Linguistics and Intercultural Communication'),
(2012,0002,'Judaic Studies'),
(2013,0001,'Computer Science and Electrical Engineering'),
(2014,0001,'English'),
(2015,0001,'Economics'),
(2016,0003,'Social Work'),
(2017,0003,'Pre-Law'),
(2018,0003,'Theatre'),
(2019,0003,'Sociology'),
(2020,0003,'Psychology'),
(2021,0001,'Dance'),
(2022,0003,'Pre-Medicine and Pre-Dentistry'),
(2023,0001,'Business Technology Administration'),
(2024,0001,'Chemical, Biochemical & Environmental Engineering'),
(2025,0003,'Religious Studies'),
(2026,0001,'Education'),
(2027,0001,'Chemistry and Biochemistry');

INSERT INTO Instructor  (Instructor_ID,FirstName,LastName,email,University_ID, department_ID) VALUES
(3000,'Julia','Lambert','julia.lambert@towson.edu',0002, 2000),
(3001,'Jessica','Glover','jessica.glover@umcp.edu',0003, 2001),
(3002,'Connor','Edmunds','connor.edmunds@towson.edu',0002, 2002),
(3003,'Ian','Gibson','ian.gibson@towson.edu',0002, 2003),
(3004,'Alexander','Clarkson','alexander.clarkson@umbc.edu',0001, 2004),
(3005,'Felicity','Buckland','felicity.buckland@towson.edu',0002, 2005),
(3006,'Lucas','Payne','lucas.payne@towson.edu',0002, 2006),
(3007,'Emma','Kelly','emma.kelly@umbc.edu',0001, 2007),
(3008,'Amelia','Cameron','amelia.cameron@towson.edu',0002, 2008),
(3009,'Isaac','Anderson','isaac.anderson@umcp.edu',0003, 2009),
(3010,'Una','Oliver','una.oliver@towson.edu',0002, 2010),
(3011,'Lily','Burgess','lily.burgess@towson.edu',0002, 2011),
(3012,'Piers','Gray','piers.gray@towson.edu',0002, 2012),
(3013,'Harry','Mills','harry.mills@umbc.edu',0001, 2013),
(3014,'Fiona','Hamilton','fiona.hamilton@umbc.edu',0001, 2014),
(3015,'Yvonne','Wilkins','yvonne.wilkins@umbc.edu',0001, 2015),
(3016,'Piers','Peters','piers.peters@umcp.edu',0003, 2016),
(3017,'Hannah','Bond','hannah.bond@umcp.edu',0003, 2017),
(3018,'Mary','Ogden','mary.ogden@umcp.edu',0003, 2018),
(3019,'Richard','Clark','richard.clark@umcp.edu',0003, 2019),
(3020,'Colin','Nolan','colin.nolan@umcp.edu',0003, 2020),
(3021,'Sean','Lee','sean.lee@umbc.edu',0001, 2021),
(3022,'Leonard','Wilkins','leonard.wilkins@umcp.edu',0003, 2022),
(3023,'Stephen','Manning','stephen.manning@umbc.edu',0001, 2023),
(3024,'Jake','Jackson','jake.jackson@umbc.edu',0001, 2024),
(3025,'Amanda','Blake','amanda.blake@umcp.edu',0003, 2025),
(3026,'Justin','Turner','justin.turner@umbc.edu',0001, 2026),
(3027,'Brian','Lambert','brian.lambert@umbc.edu',0001, 2027);

INSERT INTO course(course_ID, year, semester, name, university_ID,department_ID) VALUES
(4000,2014,'Fall','Acrylic painting',0002,2000),
(4001,2014,'Fall','Acrylic painting',0003,2001),
(4002,2012,'Fall','linear algebra',0002,2002),
(4003,2011,'Fall','Wing Design',0002,2003),
(4004,2014,'Fall','English and International Students',0001,2004),
(4005,2014,'Fall','Health and Age',0002,2005),
(4006,2012,'Fall','Ancient Greek Philosophy',0002,2006),
(4007,2014,'Fall','Vaccination',0001,2007),
(4008,2013,'Fall','Print Journalism ',0002,2008),
(4009,2012,'Fall','Introduction to Academic Reading',0003,2009),
(4010,2014,'Fall','Music in Medivial Times',0002,2010),
(4011,2012,'Fall','The Field of Intercultural Communication',0002,2011),
(4012,2013,'Fall','Israel and the Ancient Near East',0002,2012),
(4013,2014,'Fall','Operating System',0001,2013),
(4014,2012,'Fall','Adverbs',0001,2014),
(4015,2013,'Spring','Microeconomics',0001,2015),
(4016,2011,'Winter','History and Philosophy of Social Work and Social Welfare',0003,2016),
(4017,2014,'Fall','Music in Ancient Times',0002,2010),
(4018,2014,'Fall','Principles of Sociology',0003,2017),
(4019,2013,'Winter','Production Practicum',0003,2018),
(4020,2014,'Winter','Culture in America',0003,2019),
(4021,2013,'Winter','Introduction to Psychology',0003,2020),
(4022,2012,'Fall','Salsa',0001,2021),
(4023,2011,'Fall','Rocket Propulsion ',0002,2003),
(4024,2011,'Fall','Human Anatomy',0003,2022),
(4025,2013,'Winter','Econometrics',0001,2023),
(4026,2014,'Winter','Organic Chemistry',0001,2024),
(4027,2012,'Winter','Christianity ',0003,2025),
(4028,2013,'Fall','Macroeconomics',0001,2015),
(4029,2012,'Fall','Teaching 101',0001,2026),
(4030,2012,'Fall','Biochemistry',0001,2027);

INSERT INTO `cart` VALUES 
(6000,'',''),
(6001,'10/2/2014','10/3/2014'),
(6002,'10/2/2014','10/3/2014'),
(6003,'10/2/2014','10/3/2014'),
(6004,'10/3/2014','10/4/2014'),
(6005,'10/4/2014','10/5/2014'),
(6006,'',''),
(6007,'',''),
(6008,'',''),
(6009,'11/5/2014','11/5/2014'),
(6010,'',''),
(6011,'9/8/2014','12/15/2014'),
(6012,'',''),
(6013,'11/7/2014','12/16/2014'),
(6014,'5/1/2014','10/14/2014'),
(6015,'1/2/2014','2/1/2014'),
(6016,'1/1/2014','6/17/2014'),
(6017,'1/2/2014','2/7/2014'),
(6018,'',''),
(6019,'',''),
(6020,'1/1/2014','3/5/2014'),
(6021,'1/1/2014','3/5/2014');

INSERT INTO `student` VALUES 
(5000,'James','Tremblay','JamesTremblay@gmail.com','1866 Second Drive','Baltimore','MD','4155992671','1/4/1992',2,'English','UnderGrad',1,6000),
(5001,'Christopher','Roy','ChristopherRoy@gmail.com','1131 Third Drive','Baltimore','MD','4155992672','4/24/1992',2,'English','UnderGrad',3,6001),
(5002,'Ronald','Gagnon','RonaldGagnon@gmail.com','9898 First Drive','Baltimore','MD','4155992673','6/30/1991',2,'English','UnderGrad',2,6002),
(5003,'Mary','Côté','MaryCôté@gmail.com','9190 Fourth Drive','Baltimore','MD','4155992674','9/4/1990',2,'English','UnderGrad',3,6003),
(5004,'Lisa','Bouchard','LisaBouchard@gmail.com','8926 Park Drive','Baltimore','MD','4155992675','11/9/1989',2,'English','UnderGrad',4,6004),
(5005,'Michelle','Gauthier','MichelleGauthier@gmail.com','8186 Fifth Drive','Baltimore','MD','4155992676','1/14/1989',2,'English','UnderGrad',2,6005),
(5006,'John','Morin','JohnMorin@gmail.com','7644 Main Drive','Baltimore','MD','4155992677','3/21/1988',2,'English','UnderGrad',1,6006),
(5007,'Daniel','Lavoie','DanielLavoie@gmail.com','7283 Sixth Drive','Baltimore','MD','4155992678','5/27/1987',1,'English','UnderGrad',4,6007),
(5008,'Anthony','Fortin','AnthonyFortin@gmail.com','6946 Oak Drive','Baltimore','MD','4155992679','8/1/1986',1,'Computer Science','UnderGrad',2,6008),
(5009,'Patricia','Gagné','PatriciaGagné@gmail.com','6377 Seventh Drive','Baltimore','MD','4155992680','10/6/1985',1,'Computer Science','Grad',3,6009),
(5010,'Nancy','Martínez','NancyMartínez@gmail.com','6170 Pine Drive','Baltimore','MD','4155992681','12/11/1984',1,'History','Grad',4,6010),
(5011,'Laura','García','LauraGarcía@gmail.com','6103 Maple Drive','Baltimore','MD','4155992682','2/16/1984',1,'History','Grad',2,6011),
(5012,'Robert','Hernandez','RobertHernandez@gmail.com','5644 Cedar Drive','Baltimore','MD','4155992683','4/23/1983',1,'History','Grad',3,6012),
(5013,'Paul','González','PaulGonzález@gmail.com','5524 Eighth Drive ','Baltimore','MD','4155992684','6/28/1982',1,'History','Grad',1,6013),
(5014,'Linda','Rodríguez','LindaRodríguez@gmail.com','5202 View Drive','Baltimore','MD','4155992686','11/7/1980',1,'Sociology','Grad',3,6014),
(5015,'Karen','Pérez','KarenPérez@gmail.com','4974 Washington Drive','Baltimore','MD','4155992687','1/13/1980',3,'Sociology','Grad',5,6015),
(5016,'Sarah','Sánchez','SarahSánchez@gmail.com','4908 Ninth Drive','Baltimore','MD','4155992688','3/20/1979',3,'Sociology','Grad',2,6016),
(5017,'Mark','Flores','MarkFlores@gmail.com','4877 Hill Drive','Baltimore','MD','4155992690','7/30/1977',3,'History','Grad',2,6017),
(5018,'Michael','Ramírez','MichaelRamírez@gmail.com','4901 Lake Drive','Baltimore','MD','4155992695','5/25/1978',3,'Sociology','Grad',4,6018),
(5019,'Kevin','López','KevinLópez@gmail.com','5233 Elm Drive','Baltimore','MD','4155992703','9/2/1981',1,'Sociology','Grad',2,6019),
(5020,'Leslie','García','LeslieGarcía@gmail.com','6103 Dancer Drive','Baltimore','MD','4155992705','2/16/1984',1,'History','Grad',2,6020),
(5021,'Lewis','Rodríguez','LewisRodríguez@gmail.com','5202 View Drive','Baltimore','MD','4155992775','11/7/1980',1,'Sociology','Grad',3,6021);

INSERT INTO `books` VALUES 
(321558235,'Acrylic Painting Step by Step: Discover all the basics and a range of special techniques for creating your own masterpieces in acrylic','new','buy',3.45,10,'English',2009,'978-0321558237','Benjamin Cummings',9,'hardcover',0.30000000000000000000,4.50,'Visual Arts'),
(1476444387,'The shining','used','buy',10.00,10,'English',2012,'978-0307743657','Anchor',3,'paperback',0.45000000000000000000,4.00,'Fiction'),
(1476770387,'Revival: A Novel','new','buy',24.00,30,'English',2014,'978-1476770383','Scribner',1,'paperback',0.50000000000000000000,3.00,'Fiction'),
(1502379465,'Applied Econometrics','new','buy',78.54,20,'English',2008,'978-1455751334','Saunders',8,'hardcover',0.40000000000000000000,4.00,'Business Technology Administration'),
(2683200695,'Organic Chemistry','new','buy',90.00,15,'English',1967,'978-2589944431','McDougal Littel',1,'hardcover',0.60000000000000000000,4.00,'Chemical'),
(3864021925,'Textbook of Biochemistry with Clinical Correlations','new','buy',300.00,25,'English',1991,'978-3724137528','Saunders',5,'hardcover',0.73333333300000000000,4.50,'Chemistry and Biochemistry'),
(5044843155,'Modern Operating Systems','new','buy',23.00,35,'English',2009,'978-4858330625','Plume',5,'hardcover',0.88333333300000000000,3.00,'Computer Science and Electrical Engineering'),
(6225664385,'The Great Salsa Book','new','buy',57.00,10,'English',2006,'978-5992523723','Mosby',5,'hardcover',0.80000000000000000000,4.50,'Dance'),
(7406485615,'Basic Economics for Students and Non-Students Alike','new','buy',123.11,10,'English',2004,'978-7126716819','Benjamin Cummings',5,'hardcover',0.80000000000000000000,4.00,'Economics'),
(8587306845,'Child Development: An Introduction','new','buy',132.50,5,'English',2001,'978-8260909916','Jerry Wyant',5,'hardcover',0.80000000000000000000,4.00,'Education'),
(9768128075,'Epidemiology and Prevention of Vaccine-Preventable Diseases','new','rent',20.00,6,'English',2002,'978-9395103013','Touchstone',5,'hardcover',0.90000000000000000000,4.00,'Emergency Health Services'),
(10948949305,'McGraw-Hill Handbook of English Grammar and Usage','new','rent',25.00,2,'English',2002,'978-10529296110','Benjamin Cummings',5,'hardcover',0.80000000000000000000,4.00,'English'),
(12129770535,'English Made Easy Volume One: Learning English through Pictures','new','rent',19.00,4,'English',2002,'978-11663489207','Worth Publishers',5,'paperback',0.80000000000000000000,4.00,'English Language Institute'),
(14491412995,'The New Politics of Old Age Policy','used','rent',19.83,3,'English',2002,'978-13931875401','Plume',4,'paperback',0.56000000000000000000,4.50,'Management of Aging Services'),
(15672234225,'linear algebra','used','rent',13.00,4,'English',2002,'978-15066068498','Saunders',4,'paperback',0.43000000000000000000,3.50,'Mathematics and Statistics'),
(16853055455,'Understanding Flight','used','rent',17.00,3,'English',2001,'978-16200261595','Touchstone',4,'paperback',0.23000000000000000000,3.00,'Mechanical Engineering'),
(18033876685,'Fearless Editing: Crafting Words and Images for Print, Web, and Public Relations','used','rent',20.00,2,'English',1993,'978-17334454692','Benjamin Cummings',4,'paperback',0.60000000000000000000,3.50,'Media and Communication Studies'),
(19214697915,'Understanding Intercultural Communication','used','rent',20.00,6,'English',1996,'978-18468647789','Jerry Wyant',4,'paperback',0.30000000000000000000,4.50,'Modern Languages'),
(20395519145,'The Development of Western Music: A History','used','rent',20.00,3,'English',1987,'978-19602840886','Mosby',6,'paperback',0.40000000000000000000,4.50,'Music'),
(21576340375,'Ancient Greek Philosophy: From the Presocratics to the Hellenistic Philosophers','used','rent',20.00,2,'English',1995,'978-20737033983','Benjamin Cummings',3,'paperback',0.30000000000000000000,4.00,'Philosophy'),
(22757161605,'Pearson Textbook Reader: Reading in Applied and Academic Fields','used','rent',20.00,3,'English',1990,'978-21871227080','McDougal Littel',3,'paperback',0.90000000000000000000,4.00,'Pre-Allied Health'),
(23937982835,'Sociology: A Brief Introduction','used','buy',45.00,2,'English',1993,'978-23005420177','Amazon Digital Services, Inc.',3,'electronic',0.00000000000000000000,4.00,'Pre-Law'),
(25118804065,'Guyton and Hall Textbook of Medical Physiology','used','buy',78.00,4,'English',1999,'978-24139613274','Amazon Digital Services, Inc.',3,'electronic',0.00000000000000000000,3.50,'Pre-Medicine and Pre-Dentistry'),
(26299625295,'Psychology','used','buy',56.00,7,'English',2005,'978-25273806371','Amazon Digital Services, Inc.',3,'electronic',0.00000000000000000000,2.50,'Psychology'),
(27480446525,'Christianity 101: A Textbook of Catholic Theology','used','buy',98.00,8,'English',2001,'978-26407999468','Amazon Digital Services, Inc.',2,'electronic',0.00000000000000000000,3.00,'Religious Studies'),
(28661267755,'Ethical Issues in Social Work (Professional Ethics)','used','buy',34.00,3,'English',2003,'978-27542192565','Amazon Digital Services, Inc.',2,'electronic',0.00000000000000000000,3.50,'Social Work'),
(29842088985,'Lies My Teacher Told Me: Everything Your American History Textbook Got Wrong','used','buy',56.00,4,'English',2001,'978-28676385662','Amazon Digital Services, Inc.',2,'electronic',0.00000000000000000000,3.50,'Sociology'),
(31022910215,'The Art of Theatrical Design: Elements of Visual Composition, Methods, and Practice','used','buy',54.00,5,'English',2012,'978-29810578759','Amazon Digital Services, Inc.',2,'electronic',0.00000000000000000000,4.50,'Theatre');

INSERT INTO `coursebooks` VALUES 
(4000,321558235),
(4001,321558235),
(4002,15672234225),
(4003,16853055455),
(4004,12129770535),
(4005,14491412995),
(4006,21576340375),
(4007,9768128075),
(4008,18033876685),
(4009,22757161605),
(4010,20395519145),
(4011,19214697915),
(4013,5044843155),
(4014,10948949305),
(4016,28661267755),
(4018,23937982835),
(4019,31022910215),
(4020,29842088985),
(4021,26299625295),
(4022,6225664385),
(4024,25118804065),
(4025,1502379465),
(4026,2683200695),
(4027,27480446525),
(4028,7406485615),
(4029,8587306845),
(4030,3864021925);
INSERT INTO `authorlist` VALUES 
(321558235,'Tom ','','Swimm'),
(15672234225,'Ron ','','Larson'),
(16853055455,'Scott ','','Eberhardt'),
(12129770535,'Jonathan ','','Crichton'),
(14491412995,'Robert ','B.','Hudson'),
(21576340375,'Thomas ','','Blackson'),
(9768128075,'William ','','Atkinson'),
(9768128075,'Charles (Skip) ','','Wolfe'),
(18033876685,'Carolyn ','','Dale'),
(22757161605,'Dawn ','','Lee'),
(20395519145,'K ','','Stolba'),
(19214697915,'Stella ','','Ting-Toomey'),
(5044843155,'Andrew ','S.','Tanenbaum'),
(10948949305,'Larry ','','Beason'),
(28661267755,'Richard ','','Hugman'),
(23937982835,'Richard ','T.','Schaefer'),
(31022910215,'Kaoime ','','Malloy'),
(29842088985,'James ','W.','Loewen'),
(26299625295,'David ','G.','Myers'),
(6225664385,'Mark ','','Miller'),
(25118804065,'John','E.','Hall'),
(1502379465,'Dimitrios ','','Asteriou'),
(2683200695,'John ','E.','McMurry'),
(27480446525,'Gregory ','C.','Higgins'),
(7406485615,'Jerry ','','Wyant'),
(8587306845,'John ','','Santrock'),
(3864021925,'Thomas ','M.','Devlin'),
(1476770387,'Stephen ','','King'),
(1476444387,'Stephen ','','King');

INSERT INTO `subcategories` VALUES 
(321558235,'Acrylic painting'),
(15672234225,'linear algebra'),
(16853055455,'Wing Design'),
(14491412995,'Health and Age'),
(21576340375,'Ancient Greek Philosophy'),
(9768128075,'Vaccination'),
(18033876685,'Print Journalism'),
(20395519145,'Music in Medivial Times'),
(5044843155,'Operating System'),
(10948949305,'Adverbs'),
(23937982835,'Principles of Sociology'),
(31022910215,'Production Practicum'),
(29842088985,'Culture in America'),
(26299625295,'Introduction to Psychology'),
(6225664385,'Salsa'),
(25118804065,'Human Anatomy'),
(1502379465,'Econometrics'),
(2683200695,'Organic Chemistry'),
(27480446525,'Christianity'),
(7406485615,'Macroeconomics'),
(8587306845,'Teaching 101'),
(3864021925,'Biochemistry'),
(1476770387,'Thriller'),
(1476444387,'Thriller');
INSERT INTO `words` VALUES 
(321558235,'Acrylic Painting Step by Step: Discover all the basics and a range of special techniques for creating your own masterpieces in acrylic'),
(15672234225,'linear algebra'),
(16853055455,'Understanding Flight'),
(12129770535,'English Made Easy Volume One: Learning English through Pictures'),
(14491412995,'The New Politics of Old Age Policy'),
(21576340375,'Ancient Greek Philosophy: From the Presocratics to the Hellenistic Philosophers'),
(9768128075,'Epidemiology and Prevention of Vaccine-Preventable Diseases'),
(18033876685,'Fearless Editing: Crafting Words and Images for Print, Web, and Public Relations'),
(22757161605,'Pearson Textbook Reader: Reading in Applied and Academic Fields'),
(20395519145,'The Development of Western Music: A History'),
(19214697915,'Understanding Intercultural Communication'),
(5044843155,'Modern Operating Systems'),
(10948949305,'McGraw-Hill Handbook of English Grammar and Usage'),
(28661267755,'Ethical Issues in Social Work (Professional Ethics)'),
(23937982835,'Sociology: A Brief Introduction'),
(31022910215,'The Art of Theatrical Design: Elements of Visual Composition, Methods, and Practice'),
(29842088985,'Lies My Teacher Told Me: Everything Your American History Textbook Got Wrong'),
(26299625295,'Psychology'),
(6225664385,'The Great Salsa Book'),
(25118804065,'Guyton and Hall Textbook of Medical Physiology'),
(1502379465,'Applied Econometrics'),
(2683200695,'Organic Chemistry'),
(27480446525,'Christianity 101: A Textbook of Catholic Theology'),
(7406485615,'Basic Economics for Students and Non-Students Alike'),
(8587306845,'Child Development: An Introduction'),
(3864021925,'Textbook of Biochemistry with Clinical Correlations'),
(1476770387,'Revival: A Novel'),
(1476444387,'The shining'),
(321558235,'Acrylic painting'),
(15672234225,'linear algebra'),
(16853055455,'Wing Design'),
(12129770535,'English and International Students'),
(14491412995,'Health and Age'),
(21576340375,'Ancient Greek Philosophy'),
(9768128075,'Vaccination'),
(18033876685,'Print Journalism'),
(22757161605,'Introduction to Academic Reading'),
(20395519145,'Music in Medivial Times'),
(19214697915,'The Field of Intercultural Communication'),
(5044843155,'Operating System'),
(10948949305,'Adverbs'),
(28661267755,'History and Philosophy of Social Work and Social Welfare'),
(23937982835,'Principles of Sociology'),
(31022910215,'Production Practicum'),
(29842088985,'Culture in America'),
(26299625295,'Introduction to Psychology'),
(6225664385,'Salsa'),
(25118804065,'Human Anatomy'),
(1502379465,'Econometrics'),
(2683200695,'Organic Chemistry'),
(27480446525,'Christianity'),
(7406485615,'Macroeconomics'),
(8587306845,'Teaching 101'),
(3864021925,'Biochemistry'),
(321558235,'Tom Swimm'),
(15672234225,'Ron Larson'),
(16853055455,'Scott Eberhardt'),
(12129770535,'Jonathan Crichton'),
(14491412995,'Robert B. Hudson'),
(21576340375,'Thomas A. Blackson'),
(9768128075,'William Atkinson, Charles (Skip) Wolfe'),
(18033876685,'Carolyn Dale'),
(22757161605,'Dawn Lee'),
(20395519145,'K Stolba'),
(19214697915,'Stella Ting-Toomey'),
(5044843155,'Andrew S. Tanenbaum'),
(10948949305,'Larry Beason'),
(28661267755,'Richard Hugman'),
(23937982835,'Richard T. Schaefer'),
(31022910215,'Kaoime Malloy'),
(29842088985,'James W. Loewen'),
(26299625295,'David G. Myers'),
(6225664385,'Mark Miller'),
(25118804065,'John E. Hall'),
(1502379465,'Dimitrios Asteriou'),
(2683200695,'John E. McMurry'),
(27480446525,'Gregory C. Higgins'),
(7406485615,'Jerry Wyant'),
(8587306845,'John Santrock'),
(3864021925,'Thomas M. Devlin'),
(1476770387,'Stephen King'),
(1476444387,'Stephen King');


INSERT INTO `orders` VALUES 
(7000,5000,'9/7/2014','9/11/2014','4485000000000000','card','3/2/2016','VISA','shipped','1-day'),
(7001,5015,'11/4/2014','11/12/2014','4485000000000000','card','3/1/2016','VISA','shipped','standard'),
(7002,5018,'10/6/2014','','4556490000000000','plastic','5/1/2015','VISA','shipping','2-day'),
(7003,5017,'7/4/2014','','4929770000000000','creditc','9/1/2020','MASTERCARD','cancelled','standard'),
(7004,5017,'10/13/2014','','4878680000000000','mycard','4/1/2019','VISA','new','1-day'),
(7005,5013,'10/6/2014','10/7/2014','4485000000000000','card','3/1/2016','VISA','shipped','standard'),
(7006,5013,'9/23/2014','9/24/2014','4485000000000000','card','3/2/2016','VISA','shipped','1-day'),
(7007,5013,'10/25/2014','10/26/2014','4485000000000000','card','3/3/2016','VISA','shipped','1-day');

INSERT INTO `cartitems` VALUES 
(901,6001,12129770535,'rent',1),
(902,6002,10948949305,'rent',4),
(903,6003,12129770535,'rent',1),
(904,6004,12129770535,'rent',3),
(905,6005,12129770535,'rent',1),
(906,6009,18033876685,'rent',2),
(907,6011,10948949305,'rent',1),
(908,6013,20395519145,'rent',1),
(909,6014,15672234225,'rent',1),
(910,6015,27480446525,'buy',2),
(911,6016,1502379465,'buy',2),
(912,6017,27480446525,'buy',3),
(913,6020,15672234225,'rent',1),
(914,6021,15672234225,'rent',1),
(915,6001,18033876685,'rent',1),
(916,6002,18033876685,'rent',1),
(917,6011,20395519145,'rent',1),
(918,6013,10948949305,'rent',1),
(919,6014,1502379465,'buy',2),
(920,6017,22757161605,'rent',1),
(921,6020,1502379465,'buy',2),
(922,6009,15672234225,'rent',1),
(923,6015,22757161605,'rent',2);

INSERT INTO `orderitems` VALUES 
(800,7000,19214697915,'rent',1),
(801,7001,26299625295,'purchase',2),
(802,7002,25118804065,'purchase',1),
(803,7002,5044843155,'purchase',1),
(804,7003,22757161605,'rent',1),
(805,7004,5044843155,'purchase',1),
(806,7005,26299625295,'purchase',1),
(807,7006,22757161605,'rent',1),
(808,7007,15672234225,'rent',1);

INSERT INTO `customerservice` VALUES 
(1200,1002),
(1201,1004),
(1202,1007),
(1203,1008),
(1204,1010),
(1205,1015),
(1206,1018),
(1207,1019),
(1208,1020),
(1209,1021),
(1210,1022),
(1211,1023),
(1212,1024),
(1213,1025),
(1214,1026),
(1215,1027),
(1216,1029),
(1217,1030),
(1218,1033),
(1219,1037),
(1220,1043);

INSERT INTO `administrator` VALUES 
(1100,1001),
(1101,1003),
(1102,1006),
(1103,1009),
(1104,1012),
(1105,1013),
(1106,1014),
(1107,1016),
(1108,1017),
(1109,1028),
(1110,1031),
(1111,1032),
(1112,1034),
(1113,1035),
(1114,1038),
(1115,1039),
(1116,1040),
(1117,1041);

INSERT INTO `superadmin` VALUES 
(1300,1005);

INSERT INTO `tickets` VALUES 
(101,5017,'userprofile','unable to log in',''),
(102,5018,'products','bad / damaged product recieved ',''),
(103,5010,'cart','cart not updating',''),
(104,5013,'orders','order not recieved',''),
(106,5012,'userprofile','password lost','new password issued'),
(114,5018,'userprofile','unable to edit details on profile',''),
(120,5019,'products','pages missing from the book',''),
(100,null,'orders','bug in orders',''),
(130,null,'cart','proposed maintance work',''),
(121,5006,'userprofile','proposed maintance work','');

INSERT INTO `handleticket` VALUES 
(1206,120),
(1220,101),
(1209,102),
(1209,114),
(1209,104),
(1209,103),
(1209,106),
(1209,103),
(1204,100),
(1211,130),
(1206,121);

INSERT INTO `handlesafternew` VALUES 
(103,1115),
(106,1115),
(121,1111),
(100,1101);


INSERT INTO `history` VALUES 
(500,121,'10/24/2014','password needs to be reset after verification','new',null,1206),
(501,120,'8/31/2014','chapter 5 of the book i ordered is missing','new',null,1206),
(502,101,'7/15/2014','password reset needed','new',null,1220),
(503,102,'8/23/2014','','new',null,1209),
(504,114,'9/5/2014','','new',null,1209),
(505,104,'10/5/2014','i have still not recieved my order. it has been 10 days',	'new',null,	1209),
(506,103,'2/4/2014','cant delete stuff from the cart','new',null,1209),
(507,103,'2/5/2014','cant delete stuff from the cart','assigned',1115,1209),
(508,106,'8/5/2014','','new',null,1209),
(509,106,'8/6/2014','','assigned',1115,1209),
(510,106,'8/7/2014','','in-process',1115,1209),
(511,106,'8/9/2014','pasword was reset','completed',1115,1209),
(512,103,'2/6/2014','cant delete stuff from the cart','in-process',1115,1209),
(513,121,'10/25/2014','password needs to be reset after verification','assigned',1111,1206),
(514,100,'10/24/2014','1 order got cancelled automatically','new',null,	1204),
(515,100,'10/24/2014','1 order got cancelled automatically','assigned',1101,1204),
(516,130,'12/1/2014','yearly update scheduled','new',null,1211);

INSERT INTO `review` VALUES 
(800,5007,20395519145,4.00),
(801,5008,5044843155,4.00),
(802,5009,5044843155,4.50),
(803,5010,20395519145,3.00);

INSERT INTO `teaches` VALUES 
(3000,4000),
(3001,4001),
(3002,4002),
(3003,4003),
(3004,4004),
(3005,4005),
(3006,4006),
(3007,4007),
(3008,4008),
(3009,4009),
(3010,4010),
(3011,4011),
(3012,4012),
(3013,4013),
(3014,4014),
(3015,4015),
(3016,4016),
(3010,4017),
(3017,4018),
(3002,4003),
(3018,4019),
(3019,4020),
(3020,4021),
(3021,4022),
(3003,4023),
(3023,4024),
(3023,4025),
(3024,4026),
(3025,4027),
(3003,4023),
(3015,4028),
(3026,4029),
(3027,4030);





